{
	"station_info": [
		{
		"station_id": 4,
		"pollutants": [
		{ "effect_id": 8,"max":102.0,"avg":48.502688172}
		,
		{ "effect_id": 1,"max":12.0,"avg":5.15053763441}
		,
		{ "effect_id": 12,"max":410.0,"avg":107.056451613}
		,
		{ "effect_id": 6,"max":1.1,"avg":0.438709677419}
		,
		{ "effect_id": 7,"max":210.0,"avg":38.2284946237}
		]
		}
		,
		{
		"station_id": 8,
		"pollutants": [
		{ "effect_id": 1,"max":17.0,"avg":8.18279569892}
		,
		{ "effect_id": 35,"max":3.5,"avg":0.491666666667}
		,
		{ "effect_id": 6,"max":1.2,"avg":0.406451612903}
		,
		{ "effect_id": 7,"max":223.0,"avg":33.061827957}
		,
		{ "effect_id": 8,"max":125.0,"avg":60.6639784946}
		,
		{ "effect_id": 9,"max":34.0,"avg":10.3010752688}
		,
		{ "effect_id": 10,"max":125.0,"avg":18.935483871}
		,
		{ "effect_id": 43,"max":2.29,"avg":1.41857526882}
		,
		{ "effect_id": 12,"max":464.0,"avg":111.306451613}
		,
		{ "effect_id": 14,"max":84.0,"avg":40.6209677419}
		,
		{ "effect_id": 44,"max":0.65,"avg":0.133521505376}
		,
		{ "effect_id": 20,"max":19.3,"avg":3.3123655914}
		,
		{ "effect_id": 42,"max":2.61,"avg":1.5511827957}
		,
		{ "effect_id": 30,"max":3.6,"avg":0.833333333333}
		]
		}
		,
		{
		"station_id": 11,
		"pollutants": [
		{ "effect_id": 35,"max":2.3,"avg":0.290322580645}
		,
		{ "effect_id": 7,"max":169.0,"avg":24.747311828}
		,
		{ "effect_id": 8,"max":116.0,"avg":44.8387096774}
		,
		{ "effect_id": 12,"max":375.0,"avg":82.8198924731}
		,
		{ "effect_id": 20,"max":16.5,"avg":2.34274193548}
		,
		{ "effect_id": 30,"max":3.7,"avg":0.677688172043}
		]
		}
		,
		{
		"station_id": 16,
		"pollutants": [
		{ "effect_id": 8,"max":110.0,"avg":40.9516129032}
		,
		{ "effect_id": 12,"max":345.0,"avg":69.9892473118}
		,
		{ "effect_id": 6,"max":0.9,"avg":0.320698924731}
		,
		{ "effect_id": 14,"max":108.0,"avg":51.1021505376}
		,
		{ "effect_id": 7,"max":154.0,"avg":18.938172043}
		]
		}
		,
		{
		"station_id": 17,
		"pollutants": [
		{ "effect_id": 8,"max":148.0,"avg":47.5672043011}
		,
		{ "effect_id": 1,"max":18.0,"avg":5.57258064516}
		,
		{ "effect_id": 12,"max":591.0,"avg":106.610215054}
		,
		{ "effect_id": 14,"max":93.0,"avg":41.9569892473}
		,
		{ "effect_id": 7,"max":306.0,"avg":38.5188172043}
		]
		}
		,
		{
		"station_id": 18,
		"pollutants": [
		{ "effect_id": 1,"max":16.0,"avg":5.39784946237}
		,
		{ "effect_id": 35,"max":2.2,"avg":0.28064516129}
		,
		{ "effect_id": 6,"max":1.0,"avg":0.408064516129}
		,
		{ "effect_id": 7,"max":160.0,"avg":21.6048387097}
		,
		{ "effect_id": 8,"max":92.0,"avg":41.1639784946}
		,
		{ "effect_id": 10,"max":187.0,"avg":23.126344086}
		,
		{ "effect_id": 12,"max":336.0,"avg":74.2903225806}
		,
		{ "effect_id": 14,"max":94.0,"avg":45.6451612903}
		,
		{ "effect_id": 20,"max":18.6,"avg":2.73521505376}
		,
		{ "effect_id": 30,"max":2.6,"avg":0.460215053763}
		]
		}
		,
		{
		"station_id": 24,
		"pollutants": [
		{ "effect_id": 1,"max":29.0,"avg":3.32258064516}
		,
		{ "effect_id": 35,"max":1.6,"avg":0.169892473118}
		,
		{ "effect_id": 6,"max":0.7,"avg":0.235483870968}
		,
		{ "effect_id": 7,"max":108.0,"avg":9.57258064516}
		,
		{ "effect_id": 8,"max":79.0,"avg":24.2956989247}
		,
		{ "effect_id": 9,"max":52.0,"avg":10.0107526882}
		,
		{ "effect_id": 10,"max":147.0,"avg":19.0913978495}
		,
		{ "effect_id": 43,"max":1.88,"avg":1.10873655914}
		,
		{ "effect_id": 12,"max":240.0,"avg":39.1666666667}
		,
		{ "effect_id": 14,"max":116.0,"avg":56.2446236559}
		,
		{ "effect_id": 44,"max":0.44,"avg":0.0934408602151}
		,
		{ "effect_id": 20,"max":10.9,"avg":1.57204301075}
		,
		{ "effect_id": 42,"max":1.97,"avg":1.20142473118}
		,
		{ "effect_id": 30,"max":1.6,"avg":0.325806451613}
		]
		}
		,
		{
		"station_id": 27,
		"pollutants": [
		{ "effect_id": 8,"max":95.0,"avg":39.314516129}
		,
		{ "effect_id": 12,"max":294.0,"avg":68.685483871}
		,
		{ "effect_id": 14,"max":97.0,"avg":46.3172043011}
		,
		{ "effect_id": 7,"max":131.0,"avg":19.1612903226}
		]
		}
		,
		{
		"station_id": 35,
		"pollutants": [
		{ "effect_id": 1,"max":48.0,"avg":8.56720430108}
		,
		{ "effect_id": 6,"max":14.9,"avg":0.377419354839}
		,
		{ "effect_id": 7,"max":171.0,"avg":26.3413978495}
		,
		{ "effect_id": 8,"max":96.0,"avg":48.1666666667}
		,
		{ "effect_id": 12,"max":339.0,"avg":88.5376344086}
		,
		{ "effect_id": 14,"max":336.0,"avg":37.5483870968}
		]
		}
		,
		{
		"station_id": 36,
		"pollutants": [
		{ "effect_id": 1,"max":39.0,"avg":10.0779569892}
		,
		{ "effect_id": 6,"max":0.9,"avg":0.304032258065}
		,
		{ "effect_id": 7,"max":173.0,"avg":21.3360215054}
		,
		{ "effect_id": 8,"max":112.0,"avg":42.3870967742}
		,
		{ "effect_id": 10,"max":177.0,"avg":23.561827957}
		,
		{ "effect_id": 12,"max":374.0,"avg":74.8655913978}
		]
		}
		,
		{
		"station_id": 38,
		"pollutants": [
		{ "effect_id": 1,"max":15.0,"avg":4.06989247312}
		,
		{ "effect_id": 35,"max":7.1,"avg":0.824731182796}
		,
		{ "effect_id": 7,"max":254.0,"avg":27.2392473118}
		,
		{ "effect_id": 8,"max":130.0,"avg":44.9543010753}
		,
		{ "effect_id": 9,"max":35.0,"avg":9.40053763441}
		,
		{ "effect_id": 10,"max":131.0,"avg":17.9596774194}
		,
		{ "effect_id": 12,"max":519.0,"avg":86.752688172}
		,
		{ "effect_id": 20,"max":19.0,"avg":2.89032258065}
		,
		{ "effect_id": 30,"max":3.5,"avg":0.644086021505}
		]
		}
		,
		{
		"station_id": 39,
		"pollutants": [
		{ "effect_id": 8,"max":125.0,"avg":42.2956989247}
		,
		{ "effect_id": 12,"max":615.0,"avg":92.5698924731}
		,
		{ "effect_id": 6,"max":1.4,"avg":0.40376344086}
		,
		{ "effect_id": 14,"max":97.0,"avg":46.7956989247}
		,
		{ "effect_id": 7,"max":319.0,"avg":32.8064516129}
		]
		}
		,
		{
		"station_id": 40,
		"pollutants": [
		{ "effect_id": 8,"max":109.0,"avg":41.6155913978}
		,
		{ "effect_id": 1,"max":17.0,"avg":8.25}
		,
		{ "effect_id": 10,"max":171.0,"avg":22.7956989247}
		,
		{ "effect_id": 12,"max":346.0,"avg":67.4489247312}
		,
		{ "effect_id": 7,"max":155.0,"avg":16.8575268817}
		]
		}
		,
		{
		"station_id": 47,
		"pollutants": [
		{ "effect_id": 8,"max":105.0,"avg":42.5806451613}
		,
		{ "effect_id": 9,"max":48.0,"avg":11.3010752688}
		,
		{ "effect_id": 10,"max":106.0,"avg":18.185483871}
		,
		{ "effect_id": 12,"max":374.0,"avg":80.8360215054}
		,
		{ "effect_id": 7,"max":182.0,"avg":24.9435483871}
		]
		}
		,
		{
		"station_id": 48,
		"pollutants": [
		{ "effect_id": 8,"max":104.0,"avg":39.0994623656}
		,
		{ "effect_id": 9,"max":38.0,"avg":8.59408602151}
		,
		{ "effect_id": 10,"max":112.0,"avg":15.247311828}
		,
		{ "effect_id": 12,"max":362.0,"avg":66.7311827957}
		,
		{ "effect_id": 7,"max":300.0,"avg":18.2768817204}
		]
		}
		,
		{
		"station_id": 49,
		"pollutants": [
		{ "effect_id": 8,"max":88.0,"avg":31.2956989247}
		,
		{ "effect_id": 12,"max":355.0,"avg":50.4892473118}
		,
		{ "effect_id": 14,"max":87.0,"avg":45.0752688172}
		,
		{ "effect_id": 7,"max":174.0,"avg":12.5107526882}
		]
		}
		,
		{
		"station_id": 50,
		"pollutants": [
		{ "effect_id": 8,"max":100.0,"avg":40.2580645161}
		,
		{ "effect_id": 9,"max":35.0,"avg":8.79032258065}
		,
		{ "effect_id": 10,"max":95.0,"avg":13.5510752688}
		,
		{ "effect_id": 12,"max":331.0,"avg":75.0591397849}
		,
		{ "effect_id": 7,"max":150.0,"avg":22.6935483871}
		]
		}
		,
		{
		"station_id": 54,
		"pollutants": [
		{ "effect_id": 8,"max":116.0,"avg":39.0215053763}
		,
		{ "effect_id": 12,"max":418.0,"avg":77.7580645161}
		,
		{ "effect_id": 14,"max":95.0,"avg":49.0510752688}
		,
		{ "effect_id": 7,"max":200.0,"avg":25.25}
		]
		}
		,
		{
		"station_id": 55,
		"pollutants": [
		{ "effect_id": 35,"max":7.4,"avg":0.389784946237}
		,
		{ "effect_id": 7,"max":178.0,"avg":25.4811827957}
		,
		{ "effect_id": 8,"max":110.0,"avg":46.0564516129}
		,
		{ "effect_id": 12,"max":381.0,"avg":85.0887096774}
		,
		{ "effect_id": 10,"max":173.0,"avg":23.3198924731}
		,
		{ "effect_id": 43,"max":1.67,"avg":1.15432795699}
		,
		{ "effect_id": 44,"max":0.75,"avg":0.147634408602}
		,
		{ "effect_id": 20,"max":13.9,"avg":2.3688172043}
		,
		{ "effect_id": 42,"max":1.78,