{
	"station_info": [
		{
		"id": 4,
		"pollutants": [
		{ "48": {"max":1.1,"avg":0.438709677419}}
		,
		{ "8": {"max":410.0,"avg":64.5958781362}}
		,
		{ "38": {"max":12.0,"avg":5.15053763441}}
		]
		}
		,
		{
		"id": 8,
		"pollutants": [
		{ "2": {"max":2.61,"avg":1.0344265233}}
		,
		{ "38": {"max":17.0,"avg":8.18279569892}}
		,
		{ "6": {"max":84.0,"avg":40.6209677419}}
		,
		{ "8": {"max":464.0,"avg":68.3440860215}}
		,
		{ "47": {"max":125.0,"avg":14.6182795699}}
		,
		{ "48": {"max":1.2,"avg":0.406451612903}}
		,
		{ "59": {"max":19.3,"avg":1.54578853047}}
		]
		}
		,
		{
		"id": 11,
		"pollutants": [
		{ "8": {"max":375.0,"avg":50.8019713262}}
		,
		{ "59": {"max":16.5,"avg":1.10358422939}}
		]
		}
		,
		{
		"id": 16,
		"pollutants": [
		{ "48": {"max":0.9,"avg":0.320698924731}}
		,
		{ "8": {"max":345.0,"avg":43.2930107527}}
		,
		{ "6": {"max":108.0,"avg":51.1021505376}}
		]
		}
		,
		{
		"id": 17,
		"pollutants": [
		{ "8": {"max":591.0,"avg":64.232078853}}
		,
		{ "38": {"max":18.0,"avg":5.57258064516}}
		,
		{ "6": {"max":93.0,"avg":41.9569892473}}
		]
		}
		,
		{
		"id": 18,
		"pollutants": [
		{ "38": {"max":16.0,"avg":5.39784946237}}
		,
		{ "6": {"max":94.0,"avg":45.6451612903}}
		,
		{ "8": {"max":336.0,"avg":45.6863799283}}
		,
		{ "47": {"max":187.0,"avg":23.126344086}}
		,
		{ "48": {"max":1.0,"avg":0.408064516129}}
		,
		{ "59": {"max":18.6,"avg":1.15869175627}}
		]
		}
		,
		{
		"id": 24,
		"pollutants": [
		{ "2": {"max":1.97,"avg":0.801200716846}}
		,
		{ "38": {"max":29.0,"avg":3.32258064516}}
		,
		{ "6": {"max":116.0,"avg":56.2446236559}}
		,
		{ "8": {"max":240.0,"avg":24.3449820789}}
		,
		{ "47": {"max":147.0,"avg":14.5510752688}}
		,
		{ "48": {"max":0.7,"avg":0.235483870968}}
		,
		{ "59": {"max":10.9,"avg":0.689247311828}}
		]
		}
		,
		{
		"id": 27,
		"pollutants": [
		{ "8": {"max":294.0,"avg":42.3870967742}}
		,
		{ "6": {"max":97.0,"avg":46.3172043011}}
		]
		}
		,
		{
		"id": 35,
		"pollutants": [
		{ "48": {"max":14.9,"avg":0.377419354839}}
		,
		{ "8": {"max":339.0,"avg":54.3485663082}}
		,
		{ "38": {"max":48.0,"avg":8.56720430108}}
		,
		{ "6": {"max":336.0,"avg":37.5483870968}}
		]
		}
		,
		{
		"id": 36,
		"pollutants": [
		{ "48": {"max":0.9,"avg":0.304032258065}}
		,
		{ "8": {"max":374.0,"avg":46.1962365591}}
		,
		{ "38": {"max":39.0,"avg":10.0779569892}}
		,
		{ "47": {"max":177.0,"avg":23.561827957}}
		]
		}
		,
		{
		"id": 38,
		"pollutants": [
		{ "8": {"max":519.0,"avg":52.982078853}}
		,
		{ "59": {"max":19.0,"avg":1.45304659498}}
		,
		{ "38": {"max":15.0,"avg":4.06989247312}}
		,
		{ "47": {"max":131.0,"avg":13.6801075269}}
		]
		}
		,
		{
		"id": 39,
		"pollutants": [
		{ "48": {"max":1.4,"avg":0.40376344086}}
		,
		{ "8": {"max":615.0,"avg":55.8906810036}}
		,
		{ "6": {"max":97.0,"avg":46.7956989247}}
		]
		}
		,
		{
		"id": 40,
		"pollutants": [
		{ "8": {"max":346.0,"avg":41.9740143369}}
		,
		{ "38": {"max":17.0,"avg":8.25}}
		,
		{ "47": {"max":171.0,"avg":22.7956989247}}
		]
		}
		,
		{
		"id": 47,
		"pollutants": [
		{ "8": {"max":374.0,"avg":49.4534050179}}
		,
		{ "47": {"max":106.0,"avg":14.7432795699}}
		]
		}
		,
		{
		"id": 48,
		"pollutants": [
		{ "8": {"max":362.0,"avg":41.3691756272}}
		,
		{ "47": {"max":112.0,"avg":11.9206989247}}
		]
		}
		,
		{
		"id": 49,
		"pollutants": [
		{ "8": {"max":355.0,"avg":31.4318996416}}
		,
		{ "6": {"max":87.0,"avg":45.0752688172}}
		]
		}
		,
		{
		"id": 50,
		"pollutants": [
		{ "8": {"max":331.0,"avg":46.0035842294}}
		,
		{ "47": {"max":95.0,"avg":11.1706989247}}
		]
		}
		,
		{
		"id": 54,
		"pollutants": [
		{ "8": {"max":418.0,"avg":47.3431899642}}
		,
		{ "6": {"max":95.0,"avg":49.0510752688}}
		]
		}
		,
		{
		"id": 55,
		"pollutants": [
		{ "8": {"max":381.0,"avg":52.208781362}}
		,
		{ "2": {"max":1.78,"avg":0.867652329749}}
		,
		{ "59": {"max":13.9,"avg":1.09784946237}}
		,
		{ "47": {"max":173.0,"avg":23.3198924731}}
		]
		}
		,
		{
		"id": 56,
		"pollutants": [
		{ "48": {"max":0.9,"avg":0.368010752688}}
		,
		{ "8": {"max":461.0,"avg":77.0035842294}}
		,
		{ "6": {"max":89.0,"avg":42.2661290323}}
		]
		}
		,
		{
		"id": 57,
		"pollutants": [
		{ "48": {"max":0.9,"avg":0.338709677419}}
		,
		{ "8": {"max":296.0,"avg":36.5860215054}}
		,
		{ "38": {"max":21.0,"avg":8.98387096774}}
		,
		{ "47": {"max":156.0,"avg":19.5564516129}}
		]
		}
		,
		{
		"id": 58,
		"pollutants": [
		{ "8": {"max":158.0,"avg":16.9677419355}}
		,
		{ "6": {"max":101.0,"avg":51.7983870968}}
		]
		}
		,
		{
		"id": 59,
		"pollutants": [
		{ "8": {"max":264.0,"avg":29.1818996416}}
		,
		{ "6": {"max":115.0,"avg":53.4059139785}}
		]
		}
		,
		{
		"id": 60,
		"pollutants": [
		{ "8": {"max":282.0,"avg":34.9982078853}}
		,
		{ "6": {"max":108.0,"avg":56.2150537634}}
		,
		{ "47": {"max":150.0,"avg":19.2311827957}}
		]
		}
	]
}